"","values","X1","X2"
"1",3.76558260603441,-0.905307155114201,0.424757524829203
"2",0.031417393965593,-0.424757524829203,-0.905307155114201
